alert_id,alert_type,is_sar,tran_id,orig_acct,bene_acct,tx_type,base_amt,tran_timestamp
16,fan_in,True,49,8320,675,TRANSFER,441.82,2017-01-01T00:00:00Z
2,fan_in,True,77,1794,82,TRANSFER,477.23,2017-01-01T00:00:00Z
14,fan_in,True,118,6805,541,TRANSFER,130.57,2017-01-01T00:00:00Z
1,fan_in,True,166,7539,63,TRANSFER,379.04,2017-01-01T00:00:00Z
9,fan_in,True,237,3561,1126,TRANSFER,355.98,2017-01-01T00:00:00Z
4,fan_in,True,266,853,1393,TRANSFER,566.43,2017-01-01T00:00:00Z
0,fan_in,True,318,11272,827,TRANSFER,214.63,2017-01-01T00:00:00Z
12,fan_in,True,326,1140,1085,TRANSFER,833.28,2017-01-01T00:00:00Z
7,fan_in,True,577,5894,745,TRANSFER,218.54,2017-01-01T00:00:00Z
3,fan_in,True,604,847,349,TRANSFER,527.74,2017-01-01T00:00:00Z
18,fan_in,True,763,10870,48,TRANSFER,917.89,2017-01-01T00:00:00Z
11,fan_in,True,875,7432,740,TRANSFER,562.23,2017-01-01T00:00:00Z
10,fan_in,True,876,36,1135,TRANSFER,709.65,2017-01-01T00:00:00Z
15,fan_in,True,890,9774,329,TRANSFER,185.12,2017-01-01T00:00:00Z
13,fan_in,True,1067,9400,41,TRANSFER,918.32,2017-01-02T00:00:00Z
8,fan_in,True,1268,2406,1699,TRANSFER,656.61,2017-01-02T00:00:00Z
5,fan_in,True,1421,7882,334,TRANSFER,490.03,2017-01-02T00:00:00Z
19,fan_in,True,1453,6715,618,TRANSFER,451.62,2017-01-02T00:00:00Z
17,fan_in,True,1932,2623,69,TRANSFER,176.5,2017-01-03T00:00:00Z
6,fan_in,True,2157,2226,453,TRANSFER,943.06,2017-01-03T00:00:00Z
30,fan_out,True,3271,1108,3237,TRANSFER,423.59,2017-01-04T00:00:00Z
38,fan_out,True,4167,1658,11537,TRANSFER,965.73,2017-01-05T00:00:00Z
31,fan_out,True,4520,608,7883,TRANSFER,243.17,2017-01-05T00:00:00Z
20,fan_out,True,6812,257,4729,TRANSFER,244.65,2017-01-08T00:00:00Z
28,fan_out,True,7201,316,6309,TRANSFER,517.94,2017-01-08T00:00:00Z
26,fan_out,True,7353,1681,6151,TRANSFER,671.83,2017-01-09T00:00:00Z
50,cycle,True,7413,795,1973,TRANSFER,909.56,2017-01-09T00:00:00Z
50,cycle,True,7414,10859,795,TRANSFER,200.56,2017-01-09T00:00:00Z
20,fan_out,True,7464,257,470,TRANSFER,432.14,2017-01-09T00:00:00Z
28,fan_out,True,8116,316,5169,TRANSFER,310.74,2017-01-09T00:00:00Z
39,fan_out,True,10269,1655,4091,TRANSFER,313.72,2017-01-12T00:00:00Z
33,fan_out,True,10497,649,3424,TRANSFER,117.69,2017-01-12T00:00:00Z
97,gather_scatter,True,12649,2161,141,TRANSFER,456.76,2017-01-14T00:00:00Z
97,gather_scatter,True,12650,11276,141,TRANSFER,977.37,2017-01-14T00:00:00Z
97,gather_scatter,True,12651,10940,141,TRANSFER,865.62,2017-01-14T00:00:00Z
0,fan_in,True,13124,3839,827,TRANSFER,633.59,2017-01-15T00:00:00Z
50,cycle,True,15390,4137,7250,TRANSFER,737.33,2017-01-17T00:00:00Z
97,gather_scatter,True,15949,1766,141,TRANSFER,440.76,2017-01-18T00:00:00Z
2,fan_in,True,17158,7792,82,TRANSFER,983.7,2017-01-19T00:00:00Z
29,fan_out,True,17774,189,10722,TRANSFER,365.21,2017-01-20T00:00:00Z
30,fan_out,True,18842,1108,5201,TRANSFER,271.06,2017-01-21T00:00:00Z
9,fan_in,True,19251,2798,1126,TRANSFER,215.33,2017-01-21T00:00:00Z
20,fan_out,True,19431,257,5195,TRANSFER,819.91,2017-01-22T00:00:00Z
50,cycle,True,20199,7250,10859,TRANSFER,992.3,2017-01-23T00:00:00Z
7,fan_in,True,20353,10710,745,TRANSFER,366.6,2017-01-23T00:00:00Z
97,gather_scatter,True,20943,141,9612,TRANSFER,355.59,2017-01-23T00:00:00Z
20,fan_out,True,21863,257,11944,TRANSFER,280.81,2017-01-24T00:00:00Z
50,cycle,True,22768,1973,4137,TRANSFER,286.45,2017-01-25T00:00:00Z
97,gather_scatter,True,24363,141,6848,TRANSFER,571.42,2017-01-27T00:00:00Z
3,fan_in,True,24593,5324,349,TRANSFER,335.46,2017-01-27T00:00:00Z
0,fan_in,True,25913,2146,827,TRANSFER,753.27,2017-01-29T00:00:00Z
45,cycle,True,26315,872,7494,TRANSFER,130.75,2017-01-29T00:00:00Z
17,fan_in,True,26383,4357,69,TRANSFER,505.82,2017-01-29T00:00:00Z
45,cycle,True,26590,11290,872,TRANSFER,847.25,2017-01-30T00:00:00Z
20,fan_out,True,26943,257,5096,TRANSFER,108.87,2017-01-30T00:00:00Z
97,gather_scatter,True,27219,141,5693,TRANSFER,241.0,2017-01-30T00:00:00Z
37,fan_out,True,27283,409,11120,TRANSFER,952.7,2017-01-30T00:00:00Z
23,fan_out,True,27948,501,4552,TRANSFER,447.78,2017-01-31T00:00:00Z
97,gather_scatter,True,28003,141,7147,TRANSFER,248.93,2017-01-31T00:00:00Z
45,cycle,True,28183,3434,2950,TRANSFER,298.03,2017-01-31T00:00:00Z
39,fan_out,True,28421,1655,875,TRANSFER,798.85,2017-02-01T00:00:00Z
45,cycle,True,28461,6114,11290,TRANSFER,130.75,2017-02-01T00:00:00Z
38,fan_out,True,28834,1658,1795,TRANSFER,955.63,2017-02-01T00:00:00Z
27,fan_out,True,29397,291,10599,TRANSFER,360.72,2017-02-02T00:00:00Z
29,fan_out,True,30885,189,7817,TRANSFER,954.82,2017-02-03T00:00:00Z
13,fan_in,True,30979,3503,41,TRANSFER,551.99,2017-02-03T00:00:00Z
39,fan_out,True,31834,1655,10680,TRANSFER,425.62,2017-02-04T00:00:00Z
40,cycle,True,33254,606,726,TRANSFER,389.98,2017-02-06T00:00:00Z
5,fan_in,True,33337,1212,334,TRANSFER,523.8,2017-02-06T00:00:00Z
2,fan_in,True,33373,6520,82,TRANSFER,377.74,2017-02-06T00:00:00Z
20,fan_out,True,33889,257,552,TRANSFER,217.47,2017-02-06T00:00:00Z
25,fan_out,True,35416,1121,6562,TRANSFER,586.42,2017-02-08T00:00:00Z
45,cycle,True,36264,9329,4815,TRANSFER,386.18,2017-02-09T00:00:00Z
45,cycle,True,36265,10511,11693,TRANSFER,596.31,2017-02-09T00:00:00Z
45,cycle,True,36266,2950,6114,TRANSFER,760.72,2017-02-09T00:00:00Z
30,fan_out,True,36824,1108,435,TRANSFER,715.17,2017-02-10T00:00:00Z
45,cycle,True,36867,4815,10511,TRANSFER,535.47,2017-02-10T00:00:00Z
45,cycle,True,36868,11693,3434,TRANSFER,438.08,2017-02-10T00:00:00Z
40,cycle,True,37092,1024,6494,TRANSFER,366.13,2017-02-10T00:00:00Z
33,fan_out,True,37237,649,3798,TRANSFER,347.22,2017-02-10T00:00:00Z
39,fan_out,True,37406,1655,2249,TRANSFER,358.83,2017-02-10T00:00:00Z
9,fan_in,True,37426,7801,1126,TRANSFER,737.05,2017-02-10T00:00:00Z
31,fan_out,True,37864,608,6407,TRANSFER,490.72,2017-02-11T00:00:00Z
51,cycle,True,37944,579,2932,TRANSFER,444.7,2017-02-11T00:00:00Z
40,cycle,True,38446,10509,1024,TRANSFER,681.66,2017-02-11T00:00:00Z
0,fan_in,True,38906,8913,827,TRANSFER,798.21,2017-02-12T00:00:00Z
25,fan_out,True,38911,1121,1411,TRANSFER,619.99,2017-02-12T00:00:00Z
51,cycle,True,40211,11072,7749,TRANSFER,288.81,2017-02-13T00:00:00Z
51,cycle,True,40212,7749,12020,TRANSFER,212.72,2017-02-13T00:00:00Z
51,cycle,True,40213,12020,11492,TRANSFER,312.8,2017-02-13T00:00:00Z
20,fan_out,True,40793,257,3295,TRANSFER,602.01,2017-02-14T00:00:00Z
7,fan_in,True,41188,9494,745,TRANSFER,303.05,2017-02-14T00:00:00Z
37,fan_out,True,42038,409,8061,TRANSFER,723.96,2017-02-15T00:00:00Z
45,cycle,True,42260,7494,9329,TRANSFER,730.53,2017-02-16T00:00:00Z
37,fan_out,True,43195,409,3246,TRANSFER,603.85,2017-02-17T00:00:00Z
51,cycle,True,43229,939,3077,TRANSFER,816.96,2017-02-17T00:00:00Z
36,fan_out,True,44615,851,4607,TRANSFER,146.01,2017-02-18T00:00:00Z
40,cycle,True,45259,6494,606,TRANSFER,678.73,2017-02-19T00:00:00Z
51,cycle,True,45413,1359,11072,TRANSFER,148.38,2017-02-19T00:00:00Z
28,fan_out,True,45419,316,8629,TRANSFER,647.81,2017-02-19T00:00:00Z
51,cycle,True,46272,3077,579,TRANSFER,760.78,2017-02-20T00:00:00Z
40,cycle,True,46680,726,10509,TRANSFER,587.48,2017-02-20T00:00:00Z
51,cycle,True,47401,2932,1359,TRANSFER,137.91,2017-02-21T00:00:00Z
51,cycle,True,47402,11492,939,TRANSFER,160.02,2017-02-21T00:00:00Z
29,fan_out,True,48034,189,3089,TRANSFER,711.45,2017-02-22T00:00:00Z
3,fan_in,True,48254,8417,349,TRANSFER,547.29,2017-02-22T00:00:00Z
2,fan_in,True,49744,5574,82,TRANSFER,623.02,2017-02-24T00:00:00Z
28,fan_out,True,49779,316,10462,TRANSFER,227.48,2017-02-24T00:00:00Z
17,fan_in,True,49834,2313,69,TRANSFER,773.53,2017-02-24T00:00:00Z
22,fan_out,True,49883,245,6235,TRANSFER,984.27,2017-02-24T00:00:00Z
11,fan_in,True,50157,9030,740,TRANSFER,246.61,2017-02-24T00:00:00Z
12,fan_in,True,51193,11287,1085,TRANSFER,317.66,2017-02-25T00:00:00Z
0,fan_in,True,52177,6076,827,TRANSFER,376.09,2017-02-26T00:00:00Z
22,fan_out,True,52462,245,9447,TRANSFER,769.59,2017-02-27T00:00:00Z
89,scatter_gather,True,54185,5355,4056,TRANSFER,163.1,2017-03-01T00:00:00Z
89,scatter_gather,True,54186,5355,4681,TRANSFER,163.1,2017-03-01T00:00:00Z
89,scatter_gather,True,54187,5355,1831,TRANSFER,163.1,2017-03-01T00:00:00Z
15,fan_in,True,55000,3412,329,TRANSFER,694.19,2017-03-02T00:00:00Z
9,fan_in,True,55276,5669,1126,TRANSFER,285.64,2017-03-02T00:00:00Z
89,scatter_gather,True,55823,5355,3765,TRANSFER,163.1,2017-03-02T00:00:00Z
89,scatter_gather,True,55824,5355,3636,TRANSFER,163.1,2017-03-02T00:00:00Z
89,scatter_gather,True,55825,5355,1604,TRANSFER,163.1,2017-03-02T00:00:00Z
30,fan_out,True,56192,1108,10667,TRANSFER,794.78,2017-03-03T00:00:00Z
30,fan_out,True,56193,1108,4657,TRANSFER,794.78,2017-03-03T00:00:00Z
89,scatter_gather,True,56515,5355,8880,TRANSFER,163.1,2017-03-03T00:00:00Z
8,fan_in,True,58082,11777,1699,TRANSFER,355.82,2017-03-05T00:00:00Z
89,scatter_gather,True,58334,3765,11553,TRANSFER,163.1,2017-03-05T00:00:00Z
89,scatter_gather,True,58335,4681,11553,TRANSFER,163.1,2017-03-05T00:00:00Z
89,scatter_gather,True,58336,3636,11553,TRANSFER,163.1,2017-03-05T00:00:00Z
89,scatter_gather,True,58337,1604,11553,TRANSFER,163.1,2017-03-05T00:00:00Z
89,scatter_gather,True,58338,1831,11553,TRANSFER,163.1,2017-03-05T00:00:00Z
89,scatter_gather,True,58842,8880,11553,TRANSFER,163.1,2017-03-06T00:00:00Z
13,fan_in,True,59577,1023,41,TRANSFER,385.95,2017-03-07T00:00:00Z
89,scatter_gather,True,59676,4056,11553,TRANSFER,163.1,2017-03-07T00:00:00Z
7,fan_in,True,60837,2967,745,TRANSFER,698.96,2017-03-08T00:00:00Z
30,fan_out,True,60881,1108,9042,TRANSFER,694.47,2017-03-08T00:00:00Z
14,fan_in,True,61233,4958,541,TRANSFER,612.38,2017-03-08T00:00:00Z
18,fan_in,True,62653,2771,48,TRANSFER,517.91,2017-03-10T00:00:00Z
10,fan_in,True,62716,11928,1135,TRANSFER,466.27,2017-03-10T00:00:00Z
30,fan_out,True,64425,1108,4120,TRANSFER,482.73,2017-03-12T00:00:00Z
0,fan_in,True,64819,2323,827,TRANSFER,276.41,2017-03-12T00:00:00Z
5,fan_in,True,65178,4805,334,TRANSFER,545.61,2017-03-13T00:00:00Z
31,fan_out,True,65539,608,5865,TRANSFER,773.86,2017-03-13T00:00:00Z
30,fan_out,True,65714,1108,2057,TRANSFER,465.11,2017-03-13T00:00:00Z
30,fan_out,True,65715,1108,3836,TRANSFER,465.11,2017-03-13T00:00:00Z
2,fan_in,True,66293,6754,82,TRANSFER,558.49,2017-03-14T00:00:00Z
25,fan_out,True,67335,1121,6185,TRANSFER,765.89,2017-03-15T00:00:00Z
3,fan_in,True,71891,10503,349,TRANSFER,194.4,2017-03-20T00:00:00Z
37,fan_out,True,73026,409,6360,TRANSFER,264.7,2017-03-21T00:00:00Z
25,fan_out,True,73210,1121,8512,TRANSFER,644.57,2017-03-21T00:00:00Z
17,fan_in,True,73758,6126,69,TRANSFER,817.85,2017-03-22T00:00:00Z
9,fan_in,True,74201,6066,1126,TRANSFER,715.31,2017-03-22T00:00:00Z
4,fan_in,True,75389,9298,1393,TRANSFER,643.56,2017-03-24T00:00:00Z
36,fan_out,True,77173,851,6215,TRANSFER,463.42,2017-03-26T00:00:00Z
22,fan_out,True,77281,245,5407,TRANSFER,276.39,2017-03-26T00:00:00Z
0,fan_in,True,77453,3949,827,TRANSFER,343.81,2017-03-26T00:00:00Z
83,scatter_gather,True,77587,7326,3211,TRANSFER,171.1,2017-03-26T00:00:00Z
83,scatter_gather,True,77588,7326,1193,TRANSFER,171.1,2017-03-26T00:00:00Z
83,scatter_gather,True,79621,7326,4017,TRANSFER,171.1,2017-03-28T00:00:00Z
83,scatter_gather,True,79622,7326,11155,TRANSFER,171.1,2017-03-28T00:00:00Z
83,scatter_gather,True,79623,7326,7378,TRANSFER,171.1,2017-03-28T00:00:00Z
83,scatter_gather,True,80223,7326,9335,TRANSFER,171.1,2017-03-29T00:00:00Z
83,scatter_gather,True,81299,7326,7409,TRANSFER,171.1,2017-03-30T00:00:00Z
7,fan_in,True,81503,8526,745,TRANSFER,428.94,2017-03-30T00:00:00Z
16,fan_in,True,82361,7029,675,TRANSFER,127.57,2017-03-31T00:00:00Z
83,scatter_gather,True,82860,1193,7956,TRANSFER,171.1,2017-04-01T00:00:00Z
83,scatter_gather,True,82861,9335,7956,TRANSFER,171.1,2017-04-01T00:00:00Z
2,fan_in,True,83325,790,82,TRANSFER,402.03,2017-04-01T00:00:00Z
22,fan_out,True,83770,245,10596,TRANSFER,926.25,2017-04-02T00:00:00Z
83,scatter_gather,True,84600,4017,7956,TRANSFER,171.1,2017-04-03T00:00:00Z
83,scatter_gather,True,85992,7409,7956,TRANSFER,171.1,2017-04-04T00:00:00Z
83,scatter_gather,True,85993,7378,7956,TRANSFER,171.1,2017-04-04T00:00:00Z
19,fan_in,True,86490,7968,618,TRANSFER,867.65,2017-04-05T00:00:00Z
33,fan_out,True,86556,649,4009,TRANSFER,970.49,2017-04-05T00:00:00Z
83,scatter_gather,True,86879,11155,7956,TRANSFER,171.1,2017-04-05T00:00:00Z
27,fan_out,True,87734,291,114,TRANSFER,235.07,2017-04-06T00:00:00Z
83,scatter_gather,True,87873,3211,7956,TRANSFER,171.1,2017-04-06T00:00:00Z
13,fan_in,True,88975,4628,41,TRANSFER,832.53,2017-04-08T00:00:00Z
21,fan_out,True,89756,748,1050,TRANSFER,114.88,2017-04-08T00:00:00Z
32,fan_out,True,90310,152,11436,TRANSFER,332.44,2017-04-09T00:00:00Z
0,fan_in,True,90325,6420,827,TRANSFER,300.88,2017-04-09T00:00:00Z
9,fan_in,True,91671,11146,1126,TRANSFER,857.79,2017-04-11T00:00:00Z
34,fan_out,True,91694,1497,9823,TRANSFER,133.94,2017-04-11T00:00:00Z
34,fan_out,True,91695,1497,6364,TRANSFER,133.94,2017-04-11T00:00:00Z
3,fan_in,True,95923,1067,349,TRANSFER,632.72,2017-04-15T00:00:00Z
33,fan_out,True,96244,649,4345,TRANSFER,630.37,2017-04-16T00:00:00Z
5,fan_in,True,97151,5762,334,TRANSFER,432.69,2017-04-17T00:00:00Z
11,fan_in,True,99366,4682,740,TRANSFER,719.77,2017-04-19T00:00:00Z
32,fan_out,True,101076,152,721,TRANSFER,651.49,2017-04-21T00:00:00Z
12,fan_in,True,101471,4907,1085,TRANSFER,783.12,2017-04-21T00:00:00Z
7,fan_in,True,101641,8055,745,TRANSFER,258.78,2017-04-21T00:00:00Z
22,fan_out,True,102213,245,5961,TRANSFER,327.38,2017-04-22T00:00:00Z
0,fan_in,True,103264,7134,827,TRANSFER,310.86,2017-04-23T00:00:00Z
39,fan_out,True,103320,1655,121,TRANSFER,705.11,2017-04-23T00:00:00Z
38,fan_out,True,107887,1658,1940,TRANSFER,386.42,2017-04-28T00:00:00Z
33,fan_out,True,108645,649,9728,TRANSFER,543.42,2017-04-29T00:00:00Z
90,gather_scatter,True,108832,7506,8381,TRANSFER,616.25,2017-04-29T00:00:00Z
90,gather_scatter,True,108833,4226,8381,TRANSFER,535.67,2017-04-29T00:00:00Z
90,gather_scatter,True,108834,5789,8381,TRANSFER,338.24,2017-04-29T00:00:00Z
1,fan_in,True,109222,4593,63,TRANSFER,886.47,2017-04-30T00:00:00Z
90,gather_scatter,True,109619,4409,8381,TRANSFER,970.62,2017-04-30T00:00:00Z
15,fan_in,True,110536,4820,329,TRANSFER,658.74,2017-05-01T00:00:00Z
27,fan_out,True,112318,291,7102,TRANSFER,150.35,2017-05-03T00:00:00Z
90,gather_scatter,True,112943,8381,318,TRANSFER,322.15,2017-05-04T00:00:00Z
90,gather_scatter,True,112944,8381,5580,TRANSFER,356.81,2017-05-04T00:00:00Z
8,fan_in,True,114620,5638,1699,TRANSFER,258.27,2017-05-06T00:00:00Z
90,gather_scatter,True,114712,8381,11016,TRANSFER,385.94,2017-05-06T00:00:00Z
90,gather_scatter,True,115877,8381,11550,TRANSFER,403.83,2017-05-07T00:00:00Z
26,fan_out,True,116230,1681,9013,TRANSFER,167.28,2017-05-07T00:00:00Z
33,fan_out,True,118349,649,3519,TRANSFER,362.75,2017-05-10T00:00:00Z
13,fan_in,True,118886,5388,41,TRANSFER,408.77,2017-05-10T00:00:00Z
22,fan_out,True,118947,245,5788,TRANSFER,292.98,2017-05-10T00:00:00Z
3,fan_in,True,119217,655,349,TRANSFER,285.72,2017-05-11T00:00:00Z
7,fan_in,True,121413,11654,745,TRANSFER,621.15,2017-05-13T00:00:00Z
14,fan_in,True,121752,854,541,TRANSFER,765.78,2017-05-13T00:00:00Z
32,fan_out,True,123281,152,57,TRANSFER,355.67,2017-05-15T00:00:00Z
32,fan_out,True,123817,152,5264,TRANSFER,937.8,2017-05-16T00:00:00Z
18,fan_in,True,125074,6630,48,TRANSFER,253.48,2017-05-17T00:00:00Z
10,fan_in,True,125102,4128,1135,TRANSFER,610.38,2017-05-17T00:00:00Z
33,fan_out,True,125216,649,662,TRANSFER,363.13,2017-05-17T00:00:00Z
36,fan_out,True,129281,851,7425,TRANSFER,598.5,2017-05-22T00:00:00Z
5,fan_in,True,129942,9246,334,TRANSFER,787.18,2017-05-22T00:00:00Z
21,fan_out,True,130338,748,10031,TRANSFER,672.19,2017-05-23T00:00:00Z
34,fan_out,True,135763,1497,9999,TRANSFER,638.41,2017-05-29T00:00:00Z
26,fan_out,True,135852,1681,11159,TRANSFER,338.42,2017-05-29T00:00:00Z
42,cycle,True,137207,752,19,TRANSFER,247.14,2017-05-30T00:00:00Z
42,cycle,True,137208,2804,10573,TRANSFER,247.21,2017-05-30T00:00:00Z
42,cycle,True,137209,166,11716,TRANSFER,308.12,2017-05-30T00:00:00Z
35,fan_out,True,137423,591,6039,TRANSFER,104.1,2017-05-31T00:00:00Z
42,cycle,True,140956,10573,9080,TRANSFER,265.03,2017-06-03T00:00:00Z
31,fan_out,True,141715,608,3760,TRANSFER,724.78,2017-06-04T00:00:00Z
7,fan_in,True,141724,4818,745,TRANSFER,307.9,2017-06-04T00:00:00Z
21,fan_out,True,141752,748,371,TRANSFER,911.1,2017-06-04T00:00:00Z
33,fan_out,True,142358,649,8624,TRANSFER,952.53,2017-06-05T00:00:00Z
3,fan_in,True,142980,3120,349,TRANSFER,310.11,2017-06-06T00:00:00Z
42,cycle,True,143023,9080,8747,TRANSFER,503.45,2017-06-06T00:00:00Z
32,fan_out,True,143164,152,3771,TRANSFER,274.58,2017-06-06T00:00:00Z
27,fan_out,True,143363,291,377,TRANSFER,486.6,2017-06-06T00:00:00Z
42,cycle,True,144756,3039,2804,TRANSFER,844.36,2017-06-07T00:00:00Z
23,fan_out,True,146262,501,9694,TRANSFER,240.46,2017-06-09T00:00:00Z
42,cycle,True,146595,8747,166,TRANSFER,327.3,2017-06-09T00:00:00Z
42,cycle,True,146596,11716,752,TRANSFER,231.42,2017-06-09T00:00:00Z
42,cycle,True,146954,19,3039,TRANSFER,433.43,2017-06-10T00:00:00Z
13,fan_in,True,148084,5316,41,TRANSFER,478.87,2017-06-11T00:00:00Z
6,fan_in,True,148708,5914,453,TRANSFER,890.39,2017-06-12T00:00:00Z
11,fan_in,True,149081,1696,740,TRANSFER,570.38,2017-06-12T00:00:00Z
4,fan_in,True,150428,9140,1393,TRANSFER,463.95,2017-06-14T00:00:00Z
12,fan_in,True,152051,11070,1085,TRANSFER,869.15,2017-06-15T00:00:00Z
37,fan_out,True,155372,409,3837,TRANSFER,916.73,2017-06-19T00:00:00Z
84,scatter_gather,True,156450,10195,2571,TRANSFER,187.24,2017-06-20T00:00:00Z
84,scatter_gather,True,156451,10195,3380,TRANSFER,187.24,2017-06-20T00:00:00Z
84,scatter_gather,True,156452,10195,794,TRANSFER,187.24,2017-06-20T00:00:00Z
84,scatter_gather,True,156453,10195,4229,TRANSFER,187.24,2017-06-20T00:00:00Z
84,scatter_gather,True,156454,10195,2586,TRANSFER,187.24,2017-06-20T00:00:00Z
84,scatter_gather,True,156851,10195,10894,TRANSFER,187.24,2017-06-21T00:00:00Z
84,scatter_gather,True,156852,10195,45,TRANSFER,187.24,2017-06-21T00:00:00Z
22,fan_out,True,157460,245,3803,TRANSFER,966.03,2017-06-21T00:00:00Z
84,scatter_gather,True,158584,10894,7836,TRANSFER,187.24,2017-06-23T00:00:00Z
84,scatter_gather,True,158585,2586,7836,TRANSFER,187.24,2017-06-23T00:00:00Z
84,scatter_gather,True,158586,45,7836,TRANSFER,187.24,2017-06-23T00:00:00Z
23,fan_out,True,159953,501,7192,TRANSFER,677.6,2017-06-24T00:00:00Z
84,scatter_gather,True,160241,3380,7836,TRANSFER,187.24,2017-06-24T00:00:00Z
84,scatter_gather,True,160242,794,7836,TRANSFER,187.24,2017-06-24T00:00:00Z
84,scatter_gather,True,160243,4229,7836,TRANSFER,187.24,2017-06-24T00:00:00Z
84,scatter_gather,True,160552,2571,7836,TRANSFER,187.24,2017-06-25T00:00:00Z
23,fan_out,True,160915,501,6293,TRANSFER,438.07,2017-06-25T00:00:00Z
25,fan_out,True,160979,1121,7771,TRANSFER,260.25,2017-06-25T00:00:00Z
31,fan_out,True,161550,608,10569,TRANSFER,584.59,2017-06-26T00:00:00Z
5,fan_in,True,161729,1054,334,TRANSFER,154.85,2017-06-26T00:00:00Z
37,fan_out,True,161779,409,10770,TRANSFER,646.85,2017-06-26T00:00:00Z
59,cycle,True,161903,621,6343,TRANSFER,728.79,2017-06-26T00:00:00Z
59,cycle,True,161904,4827,1923,TRANSFER,535.78,2017-06-26T00:00:00Z
16,fan_in,True,163724,2766,675,TRANSFER,469.3,2017-06-28T00:00:00Z
59,cycle,True,164883,2884,621,TRANSFER,380.9,2017-06-29T00:00:00Z
15,fan_in,True,165763,736,329,TRANSFER,658.61,2017-06-30T00:00:00Z
59,cycle,True,166367,1168,2884,TRANSFER,283.02,2017-07-01T00:00:00Z
43,cycle,True,166727,414,2830,TRANSFER,512.97,2017-07-01T00:00:00Z
43,cycle,True,166728,11667,8751,TRANSFER,716.0,2017-07-01T00:00:00Z
43,cycle,True,166729,8751,8448,TRANSFER,443.55,2017-07-01T00:00:00Z
59,cycle,True,167084,1923,1168,TRANSFER,875.47,2017-07-02T00:00:00Z
43,cycle,True,168242,4895,414,TRANSFER,474.19,2017-07-03T00:00:00Z
59,cycle,True,169832,6343,4827,TRANSFER,274.79,2017-07-05T00:00:00Z
43,cycle,True,171251,9466,4305,TRANSFER,727.65,2017-07-06T00:00:00Z
19,fan_in,True,171587,11786,618,TRANSFER,677.91,2017-07-07T00:00:00Z
8,fan_in,True,171753,9397,1699,TRANSFER,147.01,2017-07-07T00:00:00Z
43,cycle,True,171945,4305,11667,TRANSFER,650.81,2017-07-07T00:00:00Z
25,fan_out,True,175065,1121,11835,TRANSFER,286.64,2017-07-11T00:00:00Z
34,fan_out,True,175542,1497,5481,TRANSFER,511.29,2017-07-11T00:00:00Z
26,fan_out,True,176670,1681,10272,TRANSFER,632.67,2017-07-12T00:00:00Z
13,fan_in,True,177017,5226,41,TRANSFER,184.14,2017-07-13T00:00:00Z
43,cycle,True,179845,8448,4895,TRANSFER,816.24,2017-07-16T00:00:00Z
43,cycle,True,180632,2830,9466,TRANSFER,549.85,2017-07-17T00:00:00Z
14,fan_in,True,182113,11623,541,TRANSFER,763.88,2017-07-18T00:00:00Z
22,fan_out,True,183148,245,9266,TRANSFER,287.67,2017-07-19T00:00:00Z
35,fan_out,True,185351,591,4148,TRANSFER,652.55,2017-07-22T00:00:00Z
10,fan_in,True,187332,11244,1135,TRANSFER,329.93,2017-07-24T00:00:00Z
18,fan_in,True,187489,7015,48,TRANSFER,553.11,2017-07-24T00:00:00Z
31,fan_out,True,187653,608,3420,TRANSFER,821.04,2017-07-24T00:00:00Z
98,gather_scatter,True,192956,6449,9138,TRANSFER,396.71,2017-07-30T00:00:00Z
5,fan_in,True,194159,5409,334,TRANSFER,811.31,2017-07-31T00:00:00Z
94,gather_scatter,True,196874,10984,8890,TRANSFER,919.89,2017-08-03T00:00:00Z
94,gather_scatter,True,197383,11665,8890,TRANSFER,401.66,2017-08-04T00:00:00Z
55,cycle,True,197457,1487,7260,TRANSFER,120.51,2017-08-04T00:00:00Z
55,cycle,True,197458,392,3118,TRANSFER,985.12,2017-08-04T00:00:00Z
55,cycle,True,197459,3118,1905,TRANSFER,582.33,2017-08-04T00:00:00Z
94,gather_scatter,True,197983,5997,8890,TRANSFER,542.63,2017-08-05T00:00:00Z
98,gather_scatter,True,198064,8536,9138,TRANSFER,270.16,2017-08-05T00:00:00Z
11,fan_in,True,198276,1623,740,TRANSFER,450.37,2017-08-05T00:00:00Z
94,gather_scatter,True,200225,1002,8890,TRANSFER,807.02,2017-08-07T00:00:00Z
55,cycle,True,201082,1905,1487,TRANSFER,532.07,2017-08-08T00:00:00Z
55,cycle,True,202367,7260,5884,TRANSFER,912.8,2017-08-09T00:00:00Z
55,cycle,True,202368,5884,392,TRANSFER,428.84,2017-08-09T00:00:00Z
98,gather_scatter,True,202493,9138,7739,TRANSFER,101.25,2017-08-09T00:00:00Z
94,gather_scatter,True,203759,8890,2310,TRANSFER,485.0,2017-08-11T00:00:00Z
94,gather_scatter,True,204724,8890,5423,TRANSFER,128.17,2017-08-12T00:00:00Z
94,gather_scatter,True,204725,8890,7069,TRANSFER,136.25,2017-08-12T00:00:00Z
38,fan_out,True,206226,1658,6267,TRANSFER,397.14,2017-08-14T00:00:00Z
13,fan_in,True,206573,5814,41,TRANSFER,545.99,2017-08-14T00:00:00Z
94,gather_scatter,True,208638,8890,2706,TRANSFER,577.58,2017-08-16T00:00:00Z
31,fan_out,True,210245,608,5826,TRANSFER,953.21,2017-08-18T00:00:00Z
98,gather_scatter,True,210714,9138,9779,TRANSFER,115.74,2017-08-18T00:00:00Z
25,fan_out,True,212735,1121,8343,TRANSFER,858.6,2017-08-21T00:00:00Z
56,cycle,True,217263,347,6211,TRANSFER,886.55,2017-08-26T00:00:00Z
56,cycle,True,217264,9959,3596,TRANSFER,343.17,2017-08-26T00:00:00Z
56,cycle,True,218195,6071,7966,TRANSFER,731.48,2017-08-27T00:00:00Z
1,fan_in,True,218334,5857,63,TRANSFER,109.43,2017-08-27T00:00:00Z
15,fan_in,True,219930,2912,329,TRANSFER,846.1,2017-08-29T00:00:00Z
56,cycle,True,220772,3870,8406,TRANSFER,847.82,2017-08-29T00:00:00Z
56,cycle,True,221787,2858,3870,TRANSFER,655.28,2017-08-31T00:00:00Z
56,cycle,True,221788,8406,5402,TRANSFER,322.43,2017-08-31T00:00:00Z
56,cycle,True,221789,5402,6071,TRANSFER,222.59,2017-08-31T00:00:00Z
56,cycle,True,223384,7966,9959,TRANSFER,370.56,2017-09-01T00:00:00Z
22,fan_out,True,224748,245,6234,TRANSFER,157.41,2017-09-03T00:00:00Z
25,fan_out,True,225589,1121,4225,TRANSFER,487.61,2017-09-04T00:00:00Z
56,cycle,True,225660,3596,347,TRANSFER,633.02,2017-09-04T00:00:00Z
5,fan_in,True,225759,5426,334,TRANSFER,481.47,2017-09-04T00:00:00Z
4,fan_in,True,226053,2208,1393,TRANSFER,399.02,2017-09-04T00:00:00Z
56,cycle,True,227107,6211,2858,TRANSFER,259.9,2017-09-05T00:00:00Z
8,fan_in,True,228463,4194,1699,TRANSFER,939.93,2017-09-07T00:00:00Z
31,fan_out,True,237408,608,9158,TRANSFER,195.13,2017-09-17T00:00:00Z
35,fan_out,True,240086,591,12040,TRANSFER,105.7,2017-09-20T00:00:00Z
14,fan_in,True,242753,3586,541,TRANSFER,269.29,2017-09-22T00:00:00Z
16,fan_in,True,244797,9803,675,TRANSFER,805.22,2017-09-25T00:00:00Z
11,fan_in,True,247958,902,740,TRANSFER,584.9,2017-09-28T00:00:00Z
27,fan_out,True,248923,291,3792,TRANSFER,182.75,2017-09-29T00:00:00Z
10,fan_in,True,249596,2584,1135,TRANSFER,192.83,2017-09-30T00:00:00Z
18,fan_in,True,250068,4241,48,TRANSFER,557.95,2017-09-30T00:00:00Z
31,fan_out,True,250777,608,6410,TRANSFER,877.89,2017-10-01T00:00:00Z
19,fan_in,True,257188,2121,618,TRANSFER,767.29,2017-10-08T00:00:00Z
5,fan_in,True,258107,258,334,TRANSFER,346.94,2017-10-09T00:00:00Z
23,fan_out,True,259335,501,8059,TRANSFER,718.1,2017-10-11T00:00:00Z
26,fan_out,True,259415,1681,6555,TRANSFER,566.39,2017-10-11T00:00:00Z
29,fan_out,True,270290,189,1492,TRANSFER,255.56,2017-10-22T00:00:00Z
52,cycle,True,272537,1682,6676,TRANSFER,183.89,2017-10-25T00:00:00Z
52,cycle,True,272538,9443,2876,TRANSFER,911.22,2017-10-25T00:00:00Z
37,fan_out,True,273002,409,3619,TRANSFER,522.15,2017-10-25T00:00:00Z
52,cycle,True,273896,10050,9443,TRANSFER,649.28,2017-10-26T00:00:00Z
52,cycle,True,273897,1959,406,TRANSFER,726.02,2017-10-26T00:00:00Z
52,cycle,True,274982,2876,10382,TRANSFER,836.07,2017-10-28T00:00:00Z
15,fan_in,True,275456,6437,329,TRANSFER,732.76,2017-10-28T00:00:00Z
37,fan_out,True,276066,409,1490,TRANSFER,150.68,2017-10-29T00:00:00Z
52,cycle,True,276244,10248,10050,TRANSFER,787.0,2017-10-29T00:00:00Z
52,cycle,True,277056,10382,1959,TRANSFER,909.43,2017-10-30T00:00:00Z
26,fan_out,True,277606,1681,1867,TRANSFER,434.09,2017-10-31T00:00:00Z
52,cycle,True,278863,406,1682,TRANSFER,396.43,2017-11-01T00:00:00Z
52,cycle,True,279792,6676,10248,TRANSFER,399.4,2017-11-02T00:00:00Z
8,fan_in,True,285789,7609,1699,TRANSFER,187.12,2017-11-08T00:00:00Z
36,fan_out,True,289901,851,3583,TRANSFER,229.87,2017-11-13T00:00:00Z
27,fan_out,True,290214,291,11205,TRANSFER,374.91,2017-11-13T00:00:00Z
26,fan_out,True,294667,1681,730,TRANSFER,391.94,2017-11-18T00:00:00Z
6,fan_in,True,295945,331,453,TRANSFER,326.79,2017-11-19T00:00:00Z
11,fan_in,True,297513,2319,740,TRANSFER,752.79,2017-11-21T00:00:00Z
35,fan_out,True,298084,591,8375,TRANSFER,709.24,2017-11-22T00:00:00Z
38,fan_out,True,298189,1658,4389,TRANSFER,357.69,2017-11-22T00:00:00Z
4,fan_in,True,301254,9395,1393,TRANSFER,654.27,2017-11-25T00:00:00Z
26,fan_out,True,301410,1681,10698,TRANSFER,379.16,2017-11-25T00:00:00Z
14,fan_in,True,303160,9946,541,TRANSFER,495.15,2017-11-27T00:00:00Z
46,cycle,True,303827,879,225,TRANSFER,315.57,2017-11-28T00:00:00Z
35,fan_out,True,304324,591,11353,TRANSFER,323.35,2017-11-29T00:00:00Z
46,cycle,True,305873,8434,9375,TRANSFER,740.3,2017-11-30T00:00:00Z
46,cycle,True,306945,4518,8434,TRANSFER,255.99,2017-12-01T00:00:00Z
46,cycle,True,306946,2582,1142,TRANSFER,893.37,2017-12-01T00:00:00Z
46,cycle,True,307443,10455,879,TRANSFER,727.41,2017-12-02T00:00:00Z
46,cycle,True,308895,9148,1846,TRANSFER,176.36,2017-12-04T00:00:00Z
21,fan_out,True,311421,748,386,TRANSFER,395.62,2017-12-06T00:00:00Z
46,cycle,True,311466,1142,10455,TRANSFER,103.05,2017-12-06T00:00:00Z
10,fan_in,True,311639,8869,1135,TRANSFER,172.09,2017-12-07T00:00:00Z
18,fan_in,True,312212,5675,48,TRANSFER,327.92,2017-12-07T00:00:00Z
46,cycle,True,312463,1846,2582,TRANSFER,689.41,2017-12-07T00:00:00Z
46,cycle,True,312869,225,4518,TRANSFER,285.01,2017-12-08T00:00:00Z
46,cycle,True,312870,9375,9148,TRANSFER,178.79,2017-12-08T00:00:00Z
29,fan_out,True,314528,189,322,TRANSFER,601.56,2017-12-10T00:00:00Z
35,fan_out,True,322106,591,9545,TRANSFER,805.71,2017-12-18T00:00:00Z
24,fan_out,True,326489,581,8109,TRANSFER,603.13,2017-12-23T00:00:00Z
16,fan_in,True,326519,11649,675,TRANSFER,934.37,2017-12-23T00:00:00Z
1,fan_in,True,327314,6833,63,TRANSFER,355.92,2017-12-24T00:00:00Z
15,fan_in,True,329890,8585,329,TRANSFER,114.65,2017-12-27T00:00:00Z
91,gather_scatter,True,335817,10003,11081,TRANSFER,159.26,2018-01-02T00:00:00Z
38,fan_out,True,336406,1658,8201,TRANSFER,119.11,2018-01-03T00:00:00Z
91,gather_scatter,True,337174,10774,11081,TRANSFER,356.34,2018-01-03T00:00:00Z
27,fan_out,True,338677,291,455,TRANSFER,524.11,2018-01-05T00:00:00Z
91,gather_scatter,True,341051,11081,1767,TRANSFER,175.78,2018-01-08T00:00:00Z
91,gather_scatter,True,342014,11081,7263,TRANSFER,172.3,2018-01-09T00:00:00Z
19,fan_in,True,342526,7969,618,TRANSFER,552.37,2018-01-09T00:00:00Z
81,scatter_gather,True,344174,1552,12029,TRANSFER,199.4,2018-01-11T00:00:00Z
81,scatter_gather,True,344175,1552,1808,TRANSFER,199.4,2018-01-11T00:00:00Z
81,scatter_gather,True,344176,1552,10024,TRANSFER,199.4,2018-01-11T00:00:00Z
81,scatter_gather,True,344177,1552,2947,TRANSFER,199.4,2018-01-11T00:00:00Z
38,fan_out,True,344652,1658,3403,TRANSFER,995.96,2018-01-12T00:00:00Z
58,cycle,True,344770,399,148,TRANSFER,283.63,2018-01-12T00:00:00Z
58,cycle,True,344771,2378,7388,TRANSFER,929.54,2018-01-12T00:00:00Z
81,scatter_gather,True,345444,1552,5955,TRANSFER,199.4,2018-01-12T00:00:00Z
81,scatter_gather,True,345445,1552,4724,TRANSFER,199.4,2018-01-12T00:00:00Z
11,fan_in,True,346368,7585,740,TRANSFER,194.76,2018-01-14T00:00:00Z
58,cycle,True,347013,7388,9615,TRANSFER,163.79,2018-01-14T00:00:00Z
81,scatter_gather,True,347096,5955,6481,TRANSFER,199.4,2018-01-14T00:00:00Z
81,scatter_gather,True,347097,1808,6481,TRANSFER,199.4,2018-01-14T00:00:00Z
81,scatter_gather,True,347098,10024,6481,TRANSFER,199.4,2018-01-14T00:00:00Z
81,scatter_gather,True,347930,4724,6481,TRANSFER,199.4,2018-01-15T00:00:00Z
81,scatter_gather,True,347931,2947,6481,TRANSFER,199.4,2018-01-15T00:00:00Z
81,scatter_gather,True,348955,12029,6481,TRANSFER,199.4,2018-01-16T00:00:00Z
58,cycle,True,349186,9693,5742,TRANSFER,998.06,2018-01-17T00:00:00Z
58,cycle,True,350964,2410,399,TRANSFER,456.23,2018-01-18T00:00:00Z
58,cycle,True,352312,9615,2410,TRANSFER,388.33,2018-01-20T00:00:00Z
58,cycle,True,353754,148,9693,TRANSFER,175.39,2018-01-22T00:00:00Z
58,cycle,True,353755,5742,2378,TRANSFER,484.94,2018-01-22T00:00:00Z
29,fan_out,True,358835,189,11301,TRANSFER,508.21,2018-01-27T00:00:00Z
14,fan_in,True,363691,1543,541,TRANSFER,729.8,2018-02-01T00:00:00Z
29,fan_out,True,373006,189,2736,TRANSFER,842.65,2018-02-11T00:00:00Z
18,fan_in,True,374741,3249,48,TRANSFER,246.54,2018-02-13T00:00:00Z
4,fan_in,True,376181,12010,1393,TRANSFER,857.55,2018-02-15T00:00:00Z
29,fan_out,True,413360,189,6033,TRANSFER,598.49,2018-03-27T00:00:00Z
86,scatter_gather,True,419021,3263,2072,TRANSFER,194.84,2018-04-03T00:00:00Z
86,scatter_gather,True,419022,3263,9346,TRANSFER,194.84,2018-04-03T00:00:00Z
86,scatter_gather,True,419023,3263,3952,TRANSFER,194.84,2018-04-03T00:00:00Z
86,scatter_gather,True,419024,3263,11525,TRANSFER,194.84,2018-04-03T00:00:00Z
86,scatter_gather,True,419025,3263,8704,TRANSFER,194.84,2018-04-03T00:00:00Z
86,scatter_gather,True,419026,3263,10062,TRANSFER,194.84,2018-04-03T00:00:00Z
86,scatter_gather,True,419027,3263,6859,TRANSFER,194.84,2018-04-03T00:00:00Z
86,scatter_gather,True,420362,3263,299,TRANSFER,194.84,2018-04-04T00:00:00Z
86,scatter_gather,True,422481,9346,1462,TRANSFER,194.84,2018-04-06T00:00:00Z
86,scatter_gather,True,422482,3952,1462,TRANSFER,194.84,2018-04-06T00:00:00Z
86,scatter_gather,True,422483,11525,1462,TRANSFER,194.84,2018-04-06T00:00:00Z
86,scatter_gather,True,422484,8704,1462,TRANSFER,194.84,2018-04-06T00:00:00Z
86,scatter_gather,True,422485,10062,1462,TRANSFER,194.84,2018-04-06T00:00:00Z
86,scatter_gather,True,422486,299,1462,TRANSFER,194.84,2018-04-06T00:00:00Z
86,scatter_gather,True,422487,6859,1462,TRANSFER,194.84,2018-04-06T00:00:00Z
86,scatter_gather,True,423095,2072,1462,TRANSFER,194.84,2018-04-07T00:00:00Z
57,cycle,True,426372,1673,9560,TRANSFER,804.35,2018-04-11T00:00:00Z
19,fan_in,True,427335,3976,618,TRANSFER,364.87,2018-04-12T00:00:00Z
57,cycle,True,427789,8062,6129,TRANSFER,814.94,2018-04-12T00:00:00Z
57,cycle,True,428465,6129,11822,TRANSFER,258.36,2018-04-13T00:00:00Z
44,cycle,True,428758,73,2504,TRANSFER,858.73,2018-04-13T00:00:00Z
57,cycle,True,429206,9775,8062,TRANSFER,798.3,2018-04-14T00:00:00Z
44,cycle,True,429697,1547,8924,TRANSFER,793.99,2018-04-14T00:00:00Z
44,cycle,True,429698,8924,6504,TRANSFER,785.87,2018-04-14T00:00:00Z
44,cycle,True,429910,6504,2631,TRANSFER,855.48,2018-04-15T00:00:00Z
57,cycle,True,432127,4359,6225,TRANSFER,390.58,2018-04-17T00:00:00Z
57,cycle,True,434845,8580,4359,TRANSFER,585.04,2018-04-20T00:00:00Z
57,cycle,True,434846,6225,9775,TRANSFER,855.38,2018-04-20T00:00:00Z
57,cycle,True,435668,9560,2398,TRANSFER,745.22,2018-04-21T00:00:00Z
57,cycle,True,435669,2398,8580,TRANSFER,428.62,2018-04-21T00:00:00Z
57,cycle,True,435670,11822,1673,TRANSFER,271.17,2018-04-21T00:00:00Z
44,cycle,True,436503,2631,3375,TRANSFER,437.33,2018-04-22T00:00:00Z
44,cycle,True,436504,3375,73,TRANSFER,307.16,2018-04-22T00:00:00Z
1,fan_in,True,436858,2291,63,TRANSFER,178.42,2018-04-22T00:00:00Z
18,fan_in,True,437092,436,48,TRANSFER,561.06,2018-04-22T00:00:00Z
44,cycle,True,437820,11410,3156,TRANSFER,509.49,2018-04-23T00:00:00Z
44,cycle,True,437821,3156,6219,TRANSFER,572.05,2018-04-23T00:00:00Z
44,cycle,True,438890,6219,1547,TRANSFER,200.69,2018-04-24T00:00:00Z
44,cycle,True,440381,2504,11410,TRANSFER,136.23,2018-04-26T00:00:00Z
6,fan_in,True,441939,7281,453,TRANSFER,948.38,2018-04-28T00:00:00Z
4,fan_in,True,451530,7073,1393,TRANSFER,309.98,2018-05-08T00:00:00Z
24,fan_out,True,455243,581,5702,TRANSFER,729.82,2018-05-12T00:00:00Z
54,cycle,True,461487,211,2373,TRANSFER,688.77,2018-05-19T00:00:00Z
54,cycle,True,461488,7790,3753,TRANSFER,738.51,2018-05-19T00:00:00Z
29,fan_out,True,462173,189,8397,TRANSFER,232.65,2018-05-20T00:00:00Z
88,scatter_gather,True,465201,6012,158,TRANSFER,198.73,2018-05-23T00:00:00Z
88,scatter_gather,True,466360,6012,9635,TRANSFER,198.73,2018-05-24T00:00:00Z
88,scatter_gather,True,466361,6012,1778,TRANSFER,198.73,2018-05-24T00:00:00Z
88,scatter_gather,True,466800,6012,10795,TRANSFER,198.73,2018-05-25T00:00:00Z
88,scatter_gather,True,466801,6012,1546,TRANSFER,198.73,2018-05-25T00:00:00Z
88,scatter_gather,True,468049,6012,9213,TRANSFER,198.73,2018-05-26T00:00:00Z
88,scatter_gather,True,468050,6012,769,TRANSFER,198.73,2018-05-26T00:00:00Z
88,scatter_gather,True,468051,6012,3769,TRANSFER,198.73,2018-05-26T00:00:00Z
54,cycle,True,468158,1928,5735,TRANSFER,748.21,2018-05-26T00:00:00Z
54,cycle,True,468159,3753,211,TRANSFER,910.77,2018-05-26T00:00:00Z
87,scatter_gather,True,468314,5345,216,TRANSFER,165.61,2018-05-27T00:00:00Z
87,scatter_gather,True,469721,5345,9716,TRANSFER,165.61,2018-05-28T00:00:00Z
88,scatter_gather,True,470013,9213,10419,TRANSFER,198.73,2018-05-28T00:00:00Z
87,scatter_gather,True,470356,5345,11422,TRANSFER,165.61,2018-05-29T00:00:00Z
88,scatter_gather,True,470620,10795,10419,TRANSFER,198.73,2018-05-29T00:00:00Z
88,scatter_gather,True,470621,1778,10419,TRANSFER,198.73,2018-05-29T00:00:00Z
88,scatter_gather,True,470622,1546,10419,TRANSFER,198.73,2018-05-29T00:00:00Z
88,scatter_gather,True,471481,769,10419,TRANSFER,198.73,2018-05-30T00:00:00Z
88,scatter_gather,True,472051,9635,10419,TRANSFER,198.73,2018-05-31T00:00:00Z
88,scatter_gather,True,472052,3769,10419,TRANSFER,198.73,2018-05-31T00:00:00Z
88,scatter_gather,True,472953,158,10419,TRANSFER,198.73,2018-06-01T00:00:00Z
87,scatter_gather,True,473330,5345,8982,TRANSFER,165.61,2018-06-01T00:00:00Z
54,cycle,True,473731,5735,7790,TRANSFER,674.62,2018-06-01T00:00:00Z
54,cycle,True,475485,10266,1928,TRANSFER,906.37,2018-06-03T00:00:00Z
54,cycle,True,476342,2373,10266,TRANSFER,486.24,2018-06-04T00:00:00Z
87,scatter_gather,True,476629,8982,7582,TRANSFER,165.61,2018-06-05T00:00:00Z
87,scatter_gather,True,476630,9716,7582,TRANSFER,165.61,2018-06-05T00:00:00Z
93,gather_scatter,True,482333,4611,9518,TRANSFER,480.18,2018-06-11T00:00:00Z
87,scatter_gather,True,482889,11422,7582,TRANSFER,165.61,2018-06-11T00:00:00Z
93,gather_scatter,True,483664,2701,9518,TRANSFER,624.0,2018-06-12T00:00:00Z
87,scatter_gather,True,483733,216,7582,TRANSFER,165.61,2018-06-12T00:00:00Z
41,cycle,True,486447,1680,4807,TRANSFER,309.04,2018-06-15T00:00:00Z
35,fan_out,True,486585,591,4303,TRANSFER,784.46,2018-06-15T00:00:00Z
93,gather_scatter,True,486709,10168,9518,TRANSFER,257.86,2018-06-16T00:00:00Z
41,cycle,True,487150,4540,967,TRANSFER,946.45,2018-06-16T00:00:00Z
41,cycle,True,488178,9432,10991,TRANSFER,391.15,2018-06-17T00:00:00Z
41,cycle,True,489244,7332,9668,TRANSFER,956.71,2018-06-18T00:00:00Z
96,gather_scatter,True,489802,6662,9929,TRANSFER,914.09,2018-06-19T00:00:00Z
96,gather_scatter,True,489803,7869,9929,TRANSFER,366.28,2018-06-19T00:00:00Z
41,cycle,True,490119,9668,9432,TRANSFER,970.53,2018-06-19T00:00:00Z
41,cycle,True,490120,967,3557,TRANSFER,851.65,2018-06-19T00:00:00Z
96,gather_scatter,True,490776,6118,9929,TRANSFER,214.62,2018-06-20T00:00:00Z
93,gather_scatter,True,490875,9518,9731,TRANSFER,171.41,2018-06-20T00:00:00Z
93,gather_scatter,True,490876,9518,5305,TRANSFER,122.24,2018-06-20T00:00:00Z
41,cycle,True,491494,10991,4540,TRANSFER,984.06,2018-06-21T00:00:00Z
41,cycle,True,492137,4629,1680,TRANSFER,766.56,2018-06-22T00:00:00Z
96,gather_scatter,True,492506,9929,6533,TRANSFER,429.71,2018-06-22T00:00:00Z
96,gather_scatter,True,492507,9929,2237,TRANSFER,388.8,2018-06-22T00:00:00Z
96,gather_scatter,True,493499,9929,8766,TRANSFER,113.77,2018-06-23T00:00:00Z
24,fan_out,True,493731,581,7166,TRANSFER,351.35,2018-06-23T00:00:00Z
93,gather_scatter,True,493787,9518,2407,TRANSFER,278.23,2018-06-23T00:00:00Z
41,cycle,True,494388,3557,4629,TRANSFER,941.91,2018-06-24T00:00:00Z
41,cycle,True,497542,4807,7332,TRANSFER,935.41,2018-06-27T00:00:00Z
21,fan_out,True,503761,748,957,TRANSFER,370.56,2018-07-04T00:00:00Z
82,scatter_gather,True,504264,8765,899,TRANSFER,197.22,2018-07-05T00:00:00Z
82,scatter_gather,True,504265,8765,3906,TRANSFER,197.22,2018-07-05T00:00:00Z
82,scatter_gather,True,506097,8765,1561,TRANSFER,197.22,2018-07-07T00:00:00Z
82,scatter_gather,True,507957,8765,4500,TRANSFER,197.22,2018-07-09T00:00:00Z
82,scatter_gather,True,507958,8765,1843,TRANSFER,197.22,2018-07-09T00:00:00Z
82,scatter_gather,True,509388,8765,6875,TRANSFER,197.22,2018-07-10T00:00:00Z
82,scatter_gather,True,509389,8765,511,TRANSFER,197.22,2018-07-10T00:00:00Z
82,scatter_gather,True,510446,511,9696,TRANSFER,197.22,2018-07-12T00:00:00Z
82,scatter_gather,True,511605,1843,9696,TRANSFER,197.22,2018-07-13T00:00:00Z
82,scatter_gather,True,513181,6875,9696,TRANSFER,197.22,2018-07-15T00:00:00Z
82,scatter_gather,True,513182,1561,9696,TRANSFER,197.22,2018-07-15T00:00:00Z
82,scatter_gather,True,513183,3906,9696,TRANSFER,197.22,2018-07-15T00:00:00Z
82,scatter_gather,True,514867,4500,9696,TRANSFER,197.22,2018-07-16T00:00:00Z
82,scatter_gather,True,516071,899,9696,TRANSFER,197.22,2018-07-18T00:00:00Z
24,fan_out,True,535334,581,2553,TRANSFER,899.53,2018-08-08T00:00:00Z
48,cycle,True,537488,199,9945,TRANSFER,640.16,2018-08-10T00:00:00Z
49,cycle,True,537769,1424,7832,TRANSFER,560.53,2018-08-10T00:00:00Z
49,cycle,True,537770,8176,3423,TRANSFER,945.87,2018-08-10T00:00:00Z
48,cycle,True,540447,10535,3444,TRANSFER,776.45,2018-08-13T00:00:00Z
48,cycle,True,540448,5090,4992,TRANSFER,788.48,2018-08-13T00:00:00Z
48,cycle,True,541453,3444,6427,TRANSFER,284.2,2018-08-14T00:00:00Z
49,cycle,True,541856,7756,10706,TRANSFER,252.95,2018-08-15T00:00:00Z
49,cycle,True,541857,3423,5350,TRANSFER,808.62,2018-08-15T00:00:00Z
95,gather_scatter,True,542884,6577,5725,TRANSFER,506.53,2018-08-16T00:00:00Z
95,gather_scatter,True,542885,11750,5725,TRANSFER,685.59,2018-08-16T00:00:00Z
48,cycle,True,542906,6427,11575,TRANSFER,127.37,2018-08-16T00:00:00Z
47,cycle,True,543300,787,1418,TRANSFER,849.62,2018-08-16T00:00:00Z
49,cycle,True,543346,10328,5664,TRANSFER,242.74,2018-08-16T00:00:00Z
49,cycle,True,543347,10169,8176,TRANSFER,953.94,2018-08-16T00:00:00Z
49,cycle,True,543348,5350,1424,TRANSFER,892.34,2018-08-16T00:00:00Z
49,cycle,True,544283,7832,10328,TRANSFER,916.73,2018-08-17T00:00:00Z
49,cycle,True,544284,5664,7756,TRANSFER,488.53,2018-08-17T00:00:00Z
49,cycle,True,544285,10706,10169,TRANSFER,880.96,2018-08-17T00:00:00Z
48,cycle,True,544418,4992,5976,TRANSFER,199.78,2018-08-18T00:00:00Z
1,fan_in,True,545552,5801,63,TRANSFER,557.95,2018-08-19T00:00:00Z
48,cycle,True,545737,5976,199,TRANSFER,953.95,2018-08-19T00:00:00Z
47,cycle,True,546048,6818,787,TRANSFER,939.7,2018-08-19T00:00:00Z
95,gather_scatter,True,546506,4559,5725,TRANSFER,393.46,2018-08-20T00:00:00Z
95,gather_scatter,True,546507,8706,5725,TRANSFER,982.56,2018-08-20T00:00:00Z
48,cycle,True,546606,9945,10535,TRANSFER,860.05,2018-08-20T00:00:00Z
48,cycle,True,546607,11575,5090,TRANSFER,841.88,2018-08-20T00:00:00Z
24,fan_out,True,548546,581,7786,TRANSFER,408.16,2018-08-22T00:00:00Z
95,gather_scatter,True,548712,5725,8261,TRANSFER,441.76,2018-08-22T00:00:00Z
95,gather_scatter,True,549212,5725,11954,TRANSFER,197.66,2018-08-23T00:00:00Z
95,gather_scatter,True,550152,5725,2061,TRANSFER,560.22,2018-08-24T00:00:00Z
47,cycle,True,551453,8110,6818,TRANSFER,892.06,2018-08-25T00:00:00Z
95,gather_scatter,True,551736,5725,1010,TRANSFER,203.64,2018-08-26T00:00:00Z
47,cycle,True,553818,6371,5239,TRANSFER,359.77,2018-08-28T00:00:00Z
36,fan_out,True,555289,851,10481,TRANSFER,624.6,2018-08-29T00:00:00Z
47,cycle,True,559268,5239,8110,TRANSFER,701.77,2018-09-03T00:00:00Z
80,scatter_gather,True,559910,5830,10458,TRANSFER,187.55,2018-09-04T00:00:00Z
80,scatter_gather,True,559911,5830,3814,TRANSFER,187.55,2018-09-04T00:00:00Z
47,cycle,True,560577,1418,6371,TRANSFER,962.09,2018-09-04T00:00:00Z
80,scatter_gather,True,562077,5830,9147,TRANSFER,187.55,2018-09-06T00:00:00Z
80,scatter_gather,True,563531,5830,490,TRANSFER,187.55,2018-09-07T00:00:00Z
80,scatter_gather,True,563624,5830,6479,TRANSFER,187.55,2018-09-08T00:00:00Z
80,scatter_gather,True,563625,5830,2247,TRANSFER,187.55,2018-09-08T00:00:00Z
80,scatter_gather,True,566866,3814,9468,TRANSFER,187.55,2018-09-11T00:00:00Z
80,scatter_gather,True,567774,6479,9468,TRANSFER,187.55,2018-09-12T00:00:00Z
80,scatter_gather,True,570317,490,9468,TRANSFER,187.55,2018-09-15T00:00:00Z
80,scatter_gather,True,570318,9147,9468,TRANSFER,187.55,2018-09-15T00:00:00Z
80,scatter_gather,True,570319,2247,9468,TRANSFER,187.55,2018-09-15T00:00:00Z
80,scatter_gather,True,571219,10458,9468,TRANSFER,187.55,2018-09-16T00:00:00Z
99,gather_scatter,True,571608,8783,8457,TRANSFER,834.29,2018-09-16T00:00:00Z
99,gather_scatter,True,571609,9884,8457,TRANSFER,292.26,2018-09-16T00:00:00Z
99,gather_scatter,True,571610,1775,8457,TRANSFER,111.76,2018-09-16T00:00:00Z
21,fan_out,True,573158,748,1020,TRANSFER,572.1,2018-09-18T00:00:00Z
99,gather_scatter,True,574971,1646,8457,TRANSFER,474.71,2018-09-20T00:00:00Z
99,gather_scatter,True,576955,8457,835,TRANSFER,124.01,2018-09-22T00:00:00Z
99,gather_scatter,True,576956,8457,5136,TRANSFER,153.44,2018-09-22T00:00:00Z
99,gather_scatter,True,578138,8457,9576,TRANSFER,318.73,2018-09-24T00:00:00Z
99,gather_scatter,True,581676,8457,10993,TRANSFER,208.44,2018-09-27T00:00:00Z
21,fan_out,True,592469,748,3086,TRANSFER,598.27,2018-10-09T00:00:00Z
92,gather_scatter,True,605116,6388,5991,TRANSFER,258.27,2018-10-24T00:00:00Z
92,gather_scatter,True,605117,9005,5991,TRANSFER,858.81,2018-10-24T00:00:00Z
92,gather_scatter,True,606288,1100,5991,TRANSFER,921.05,2018-10-25T00:00:00Z
92,gather_scatter,True,607796,5991,1760,TRANSFER,206.37,2018-10-27T00:00:00Z
92,gather_scatter,True,607797,5991,11589,TRANSFER,438.45,2018-10-27T00:00:00Z
92,gather_scatter,True,609198,5991,3124,TRANSFER,478.58,2018-10-28T00:00:00Z
53,cycle,True,635897,433,11503,TRANSFER,717.33,2018-11-28T00:00:00Z
53,cycle,True,635898,4028,11079,TRANSFER,482.9,2018-11-28T00:00:00Z
53,cycle,True,639223,5745,11746,TRANSFER,686.76,2018-12-02T00:00:00Z
53,cycle,True,641313,5464,433,TRANSFER,350.05,2018-12-05T00:00:00Z
53,cycle,True,642664,7745,5745,TRANSFER,148.69,2018-12-06T00:00:00Z
53,cycle,True,642665,11746,4028,TRANSFER,662.99,2018-12-06T00:00:00Z
53,cycle,True,642666,11079,5464,TRANSFER,472.08,2018-12-06T00:00:00Z
85,scatter_gather,True,644777,6273,6546,TRANSFER,190.71,2018-12-09T00:00:00Z
85,scatter_gather,True,644778,6273,3169,TRANSFER,190.71,2018-12-09T00:00:00Z
85,scatter_gather,True,644779,6273,235,TRANSFER,190.71,2018-12-09T00:00:00Z
53,cycle,True,645112,11503,7745,TRANSFER,571.4,2018-12-09T00:00:00Z
85,scatter_gather,True,645892,6273,5129,TRANSFER,190.71,2018-12-10T00:00:00Z
85,scatter_gather,True,647186,3169,8484,TRANSFER,190.71,2018-12-12T00:00:00Z
85,scatter_gather,True,647187,5129,8484,TRANSFER,190.71,2018-12-12T00:00:00Z
85,scatter_gather,True,647188,235,8484,TRANSFER,190.71,2018-12-12T00:00:00Z
85,scatter_gather,True,648407,6546,8484,TRANSFER,190.71,2018-12-13T00:00:00Z
